1,1,0,25,1,0,0,0,0,0,0,0,10000000000,1,1,300,1,,,1,0,25,0.98,1,0,1,0,0,0,0,10000000000,1,,300,5,,,1,0,25,0.98,1,0,1,0,0,0,0,10000000000,1,,300,5,,,1,0,25,0.98,1,0,1,0,0,0,0,10000000000,1,,300,5,,,1,0,25,0.98,1,0,1,0,0,0,0,10000000000,1,,300,5,,,1,0,25,0.98,1,0,1,0,0,0,0,10000000000,1,,300,5,,,1,0,25,0.98,1,0,1,0,0,0,0,10000000000,1,,300,5,,,1,0,25,0.98,1,0,1,0,0,0,0,10000000000,1,,300,5,,,1,0,25,0.98,1,0,1,0,0,0,0,10000000000,1,,300,5,,,1,0,25,0.98,1,0,1,0,0,0,0,10000000000,1,,300,5,,,1,0,25,0.98,1,0,1,0,0,0,0,10000000000,1,,300,5,,,1,0,25,0.98,1,0,1,0,0,0,0,10000000000,1,,300,5,,,,,,,,,,,,,,,,,,,,,,,,,,,,,,,,,,,,,,,,,,,,,,,,,,,,,,,,,,,,,,
0,1,0,25,0.360582985809871,2,0,0,0,0,0,0,10000000000,2,,300,1,,1,1,0,25,0,0,,2,0,0,0,0,10000000000,1,1,300,5,,1,1,0,25,0,0,,2,0,0,0,0,10000000000,1,1,300,5,,1,1,0,25,0,0,,2,0,0,0,0,10000000000,1,1,300,5,,1,1,0,25,0,0,,2,0,0,0,0,10000000000,1,1,300,5,,1,1,0,25,0,0,,2,0,0,0,0,10000000000,1,1,300,5,,1,1,0,25,0,0,,2,0,0,0,0,10000000000,1,1,300,5,,1,1,0,25,0,0,,2,0,0,0,0,10000000000,1,1,300,5,,1,1,0,25,0,0,,2,0,0,0,0,10000000000,1,1,300,5,,1,1,0,25,0,0,,2,0,0,0,0,10000000000,1,1,300,5,,1,1,0,25,0,0,,2,0,0,0,0,10000000000,1,1,300,5,,1,1,0,25,0,0,,2,0,0,0,0,10000000000,1,1,300,5,,,,,,,,,,,,,,,,,,,,,,,,,,,,,,,,,,,,,,,,,,,,,,,,,,,,,,,,,,,,,,
1,1,0,25,1,3,0,0,0,0,0,0,10000000000,1,0.333636363636364,300,1,,,1,0,25,0.997479326233065,1,0,4,0,0,0,0,10000000000,1,,300,5,,,1,0,25,0.997479326233065,1,0,4,0,0,0,0,10000000000,1,,300,5,,,1,0,25,0.997479326233065,1,0,4,0,0,0,0,10000000000,1,,300,5,,,1,0,25,0.997479326233065,1,0,4,0,0,0,0,10000000000,1,,300,5,,,1,0,25,0.997479326233065,1,0,4,0,0,0,0,10000000000,1,,300,5,,,1,0,25,0.997479326233065,1,0,4,0,0,0,0,10000000000,1,,300,5,,,1,0,25,0.997479326233065,1,0,4,0,0,0,0,10000000000,1,,300,5,,,1,0,25,0.997479326233065,1,0,4,0,0,0,0,10000000000,1,,300,5,,,1,0,25,0.997479326233065,1,0,4,0,0,0,0,10000000000,1,,300,5,,,1,0,25,0.997479326233065,1,0,4,0,0,0,0,10000000000,1,,300,5,,,1,0,25,0.997479326233065,1,0,4,0,0,0,0,10000000000,1,,300,5,,,,,,,,,,,,,,,,,,,,,,,,,,,,,,,,,,,,,,,,,,,,,,,,,,,,,,,,,,,,,,
0,1,0,25,0.360582985809871,2,0,0,0,0,0,0,10000000000,2,,300,1,,1,1,0,25,0,0,,0,0,0,0,0,10000000000,1,1,300,5,,1,1,0,25,0,0,,0,0,0,0,0,10000000000,1,1,300,5,,1,1,0,25,0,0,,0,0,0,0,0,10000000000,1,1,300,5,,1,1,0,25,0,0,,0,0,0,0,0,10000000000,1,1,300,5,,1,1,0,25,0,0,,0,0,0,0,0,10000000000,1,1,300,5,,1,1,0,25,0,0,,0,0,0,0,0,10000000000,1,1,300,5,,1,1,0,25,0,0,,0,0,0,0,0,10000000000,1,1,300,5,,1,1,0,25,0,0,,0,0,0,0,0,10000000000,1,1,300,5,,1,1,0,25,0,0,,0,0,0,0,0,10000000000,1,1,300,5,,1,1,0,25,0,0,,0,0,0,0,0,10000000000,1,1,300,5,,1,1,0,25,0,0,,0,0,0,0,0,10000000000,1,1,300,5,,,,,,,,,,,,,,,,,,,,,,,,,,,,,,,,,,,,,,,,,,,,,,,,,,,,,,,,,,,,,,
1,1,0,25,1,4,0,0,0,0,0,0,10000000000,1,0.666363636363636,300,1,,,1,0,25,0,2,,0,0,0,0,0,10000000000,2,,300,5,,,1,0,25,0,2,,0,0,0,0,0,10000000000,2,,300,5,,,1,0,25,0,2,,0,0,0,0,0,10000000000,2,,300,5,,,1,0,25,0,2,,0,0,0,0,0,10000000000,2,,300,5,,,1,0,25,0,2,,0,0,0,0,0,10000000000,2,,300,5,,,1,0,25,0,2,,0,0,0,0,0,10000000000,2,,300,5,,,1,0,25,0,2,,0,0,0,0,0,10000000000,2,,300,5,,,1,0,25,0,2,,0,0,0,0,0,10000000000,2,,300,5,,,1,0,25,0,2,,0,0,0,0,0,10000000000,2,,300,5,,,1,0,25,0,2,,0,0,0,0,0,10000000000,2,,300,5,,,1,0,25,0,2,,0,0,0,0,0,10000000000,2,,300,5,,,,,,,,,,,,,,,,,,,,,,,,,,,,,,,,,,,,,,,,,,,,,,,,,,,,,,,,,,,,,,
1,1,0,25,1,0,0,0,0,0,0,0,10000000000,1,1,300,1,,1,1,0,25,0,0,,0,0,0,0,0,10000000000,1,1,300,5,,1,1,0,25,0,0,,0,0,0,0,0,10000000000,1,1,300,5,,1,1,0,25,0,0,,0,0,0,0,0,10000000000,1,1,300,5,,1,1,0,25,0,0,,0,0,0,0,0,10000000000,1,1,300,5,,1,1,0,25,0,0,,0,0,0,0,0,10000000000,1,1,300,5,,1,1,0,25,0,0,,0,0,0,0,0,10000000000,1,1,300,5,,1,1,0,25,0,0,,0,0,0,0,0,10000000000,1,1,300,5,,1,1,0,25,0,0,,0,0,0,0,0,10000000000,1,1,300,5,,1,1,0,25,0,0,,0,0,0,0,0,10000000000,1,1,300,5,,1,1,0,25,0,0,,0,0,0,0,0,10000000000,1,1,300,5,,1,1,0,25,0,0,,0,0,0,0,0,10000000000,1,1,300,5,,,,,,,,,,,,,,,,,,,,,,,,,,,,,,,,,,,,,,,,,,,,,,,,,,,,,,,,,,,,,,
0,1,0,25,0.360582985809871,2,0,0,0,0,0,0,10000000000,2,,300,1,,,1,0,25,0.7,0,0,0,0,0,0,0,10000000000,1,,300,5,,,1,0,25,0.7,0,0,0,0,0,0,0,10000000000,1,,300,5,,,1,0,25,0.7,0,0,0,0,0,0,0,10000000000,1,,300,5,,,1,0,25,0.7,0,0,0,0,0,0,0,10000000000,1,,300,5,,,1,0,25,0.7,0,0,0,0,0,0,0,10000000000,1,,300,5,,,1,0,25,0.7,0,0,0,0,0,0,0,10000000000,1,,300,5,,,1,0,25,0.7,0,0,0,0,0,0,0,10000000000,1,,300,5,,,1,0,25,0.7,0,0,0,0,0,0,0,10000000000,1,,300,5,,,1,0,25,0.7,0,0,0,0,0,0,0,10000000000,1,,300,5,,,1,0,25,0.7,0,0,0,0,0,0,0,10000000000,1,,300,5,,,1,0,25,0.7,0,0,0,0,0,0,0,10000000000,1,,300,5,,,,,,,,,,,,,,,,,,,,,,,,,,,,,,,,,,,,,,,,,,,,,,,,,,,,,,,,,,,,,,
0,1,0,25,1,3,0,0,0,0,0,0,10000000000,2,,300,1,,1,1,0,25,0,1,,0,0,0,0,0,10000000000,1,1,300,5,,1,1,0,25,0,1,,0,0,0,0,0,10000000000,1,1,300,5,,1,1,0,25,0,1,,0,0,0,0,0,10000000000,1,1,300,5,,1,1,0,25,0,1,,0,0,0,0,0,10000000000,1,1,300,5,,1,1,0,25,0,1,,0,0,0,0,0,10000000000,1,1,300,5,,1,1,0,25,0,1,,0,0,0,0,0,10000000000,1,1,300,5,,1,1,0,25,0,1,,0,0,0,0,0,10000000000,1,1,300,5,,1,1,0,25,0,1,,0,0,0,0,0,10000000000,1,1,300,5,,1,1,0,25,0,1,,0,0,0,0,0,10000000000,1,1,300,5,,1,1,0,25,0,1,,0,0,0,0,0,10000000000,1,1,300,5,,1,1,0,25,0,1,,0,0,0,0,0,10000000000,1,1,300,5,,,,,,,,,,,,,,,,,,,,,,,,,,,,,,,,,,,,,,,,,,,,,,,,,,,,,,,,,,,,,,
1,1,0,25,1,0,0,0,0,0,0,0,10000000000,1,1,300,1,,,1,0,25,0.05,1,0,0,0,0,0,0,10000000000,1,,300,5,,,1,0,25,0.05,1,0,0,0,0,0,0,10000000000,1,,300,5,,,1,0,25,0.05,1,0,0,0,0,0,0,10000000000,1,,300,5,,,1,0,25,0.05,1,0,0,0,0,0,0,10000000000,1,,300,5,,,1,0,25,0.05,1,0,0,0,0,0,0,10000000000,1,,300,5,,,1,0,25,0.05,1,0,0,0,0,0,0,10000000000,1,,300,5,,,1,0,25,0.05,1,0,0,0,0,0,0,10000000000,1,,300,5,,,1,0,25,0.05,1,0,0,0,0,0,0,10000000000,1,,300,5,,,1,0,25,0.05,1,0,0,0,0,0,0,10000000000,1,,300,5,,,1,0,25,0.05,1,0,0,0,0,0,0,10000000000,1,,300,5,,,1,0,25,0.05,1,0,0,0,0,0,0,10000000000,1,,300,5,,,,,,,,,,,,,,,,,,,,,,,,,,,,,,,,,,,,,,,,,,,,,,,,,,,,,,,,,,,,,,
0,1,0,25,0.728214858309106,1,0,0,0,0,0,0,10000000000,2,,300,1,,1,2,0,25,0,1,,0,0,0,0,0,10000000000,1,1,300,3,,1,2,0,25,0,1,,0,0,0,0,0,10000000000,1,1,300,3,,1,2,0,25,0,1,,0,0,0,0,0,10000000000,1,1,300,3,,1,2,0,25,0,1,,0,0,0,0,0,10000000000,1,1,300,3,,1,2,0,25,0,1,,0,0,0,0,0,10000000000,1,1,300,3,,1,2,0,25,0,1,,0,0,0,0,0,10000000000,1,1,300,3,,1,2,0,25,0,1,,0,0,0,0,0,10000000000,1,1,300,3,,1,2,0,25,0,1,,0,0,0,0,0,10000000000,1,1,300,3,,1,2,0,25,0,1,,0,0,0,0,0,10000000000,1,1,300,3,,1,2,0,25,0,1,,0,0,0,0,0,10000000000,1,1,300,3,,1,2,0,25,0,1,,0,0,0,0,0,10000000000,1,1,300,3,,,,,,,,,,,,,,,,,,,,,,,,,,,,,,,,,,,,,,,,,,,,,,,,,,,,,,,,,,,,,,
1,1,0,25,1,0,0,0,0,0,0,0,10000000000,1,1,300,1,,,2,0,25,0,0,,0,0,0,0,0,10000000000,2,,300,3,,,2,0,25,0,0,,0,0,0,0,0,10000000000,2,,300,3,,,2,0,25,0,0,,0,0,0,0,0,10000000000,2,,300,3,,,2,0,25,0,0,,0,0,0,0,0,10000000000,2,,300,3,,,2,0,25,0,0,,0,0,0,0,0,10000000000,2,,300,3,,,2,0,25,0,0,,0,0,0,0,0,10000000000,2,,300,3,,,2,0,25,0,0,,0,0,0,0,0,10000000000,2,,300,3,,,2,0,25,0,0,,0,0,0,0,0,10000000000,2,,300,3,,,2,0,25,0,0,,0,0,0,0,0,10000000000,2,,300,3,,,2,0,25,0,0,,0,0,0,0,0,10000000000,2,,300,3,,,2,0,25,0,0,,0,0,0,0,0,10000000000,2,,300,3,,,,,,,,,,,,,,,,,,,,,,,,,,,,,,,,,,,,,,,,,,,,,,,,,,,,,,,,,,,,,,
0,1,0,25,0.956616666666667,3,0,0,0,0,0,0,10000000000,2,,300,1,,,2,0,25,0,2,,0,0,0,0,0,10000000000,2,,300,3,,,2,0,25,0,2,,0,0,0,0,0,10000000000,2,,300,3,,,2,0,25,0,2,,0,0,0,0,0,10000000000,2,,300,3,,,2,0,25,0,2,,0,0,0,0,0,10000000000,2,,300,3,,,2,0,25,0,2,,0,0,0,0,0,10000000000,2,,300,3,,,2,0,25,0,2,,0,0,0,0,0,10000000000,2,,300,3,,,2,0,25,0,2,,0,0,0,0,0,10000000000,2,,300,3,,,2,0,25,0,2,,0,0,0,0,0,10000000000,2,,300,3,,,2,0,25,0,2,,0,0,0,0,0,10000000000,2,,300,3,,,2,0,25,0,2,,0,0,0,0,0,10000000000,2,,300,3,,,2,0,25,0,2,,0,0,0,0,0,10000000000,2,,300,3,,,,,,,,,,,,,,,,,,,,,,,,,,,,,,,,,,,,,,,,,,,,,,,,,,,,,,,,,,,,,,
0,1,0,25,0,3,0,0,0,0,0,0,10000000000,2,,300,1,,,2,0,25,0,2,,0,0,0,0,0,10000000000,2,,300,3,,,2,0,25,0,2,,0,0,0,0,0,10000000000,2,,300,3,,,2,0,25,0,2,,0,0,0,0,0,10000000000,2,,300,3,,,2,0,25,0,2,,0,0,0,0,0,10000000000,2,,300,3,,,2,0,25,0,2,,0,0,0,0,0,10000000000,2,,300,3,,,2,0,25,0,2,,0,0,0,0,0,10000000000,2,,300,3,,,2,0,25,0,2,,0,0,0,0,0,10000000000,2,,300,3,,,2,0,25,0,2,,0,0,0,0,0,10000000000,2,,300,3,,,2,0,25,0,2,,0,0,0,0,0,10000000000,2,,300,3,,,2,0,25,0,2,,0,0,0,0,0,10000000000,2,,300,3,,,2,0,25,0,2,,0,0,0,0,0,10000000000,2,,300,3,,,,,,,,,,,,,,,,,,,,,,,,,,,,,,,,,,,,,,,,,,,,,,,,,,,,,,,,,,,,,,
0,1,0,25,0,3,0,0,0,0,0,0,10000000000,2,,300,1,,1,2,0,25,0,0,,0,0,0,0,0,10000000000,1,1,300,3,,1,2,0,25,0,0,,0,0,0,0,0,10000000000,1,1,300,3,,1,2,0,25,0,0,,0,0,0,0,0,10000000000,1,1,300,3,,1,2,0,25,0,0,,0,0,0,0,0,10000000000,1,1,300,3,,1,2,0,25,0,0,,0,0,0,0,0,10000000000,1,1,300,3,,1,2,0,25,0,0,,0,0,0,0,0,10000000000,1,1,300,3,,1,2,0,25,0,0,,0,0,0,0,0,10000000000,1,1,300,3,,1,2,0,25,0,0,,0,0,0,0,0,10000000000,1,1,300,3,,1,2,0,25,0,0,,0,0,0,0,0,10000000000,1,1,300,3,,1,2,0,25,0,0,,0,0,0,0,0,10000000000,1,1,300,3,,1,2,0,25,0,0,,0,0,0,0,0,10000000000,1,1,300,3,,,,,,,,,,,,,,,,,,,,,,,,,,,,,,,,,,,,,,,,,,,,,,,,,,,,,,,,,,,,,,
0,1,0,25,1,3,0,0,0,0,0,0,10000000000,2,,300,1,,,1,0,25,0.66,0,0,0,0,0,0,0,10000000000,1,,300,5,,,1,0,25,0.66,0,0,0,0,0,0,0,10000000000,1,,300,5,,,1,0,25,0.66,0,0,0,0,0,0,0,10000000000,1,,300,5,,,1,0,25,0.66,0,0,0,0,0,0,0,10000000000,1,,300,5,,,1,0,25,0.66,0,0,0,0,0,0,0,10000000000,1,,300,5,,,1,0,25,0.66,0,0,0,0,0,0,0,10000000000,1,,300,5,,,1,0,25,0.66,0,0,0,0,0,0,0,10000000000,1,,300,5,,,1,0,25,0.66,0,0,0,0,0,0,0,10000000000,1,,300,5,,,1,0,25,0.66,0,0,0,0,0,0,0,10000000000,1,,300,5,,,1,0,25,0.66,0,0,0,0,0,0,0,10000000000,1,,300,5,,,1,0,25,0.66,0,0,0,0,0,0,0,10000000000,1,,300,5,,,,,,,,,,,,,,,,,,,,,,,,,,,,,,,,,,,,,,,,,,,,,,,,,,,,,,,,,,,,,,
1,1,0,25,1,0,0,0,0,0,0,0,10000000000,1,1,300,1,,1,1,0,25,0,1,,0,0,0,0,0,10000000000,1,1,300,5,,1,1,0,25,0,1,,0,0,0,0,0,10000000000,1,1,300,5,,1,1,0,25,0,1,,0,0,0,0,0,10000000000,1,1,300,5,,1,1,0,25,0,1,,0,0,0,0,0,10000000000,1,1,300,5,,1,1,0,25,0,1,,0,0,0,0,0,10000000000,1,1,300,5,,1,1,0,25,0,1,,0,0,0,0,0,10000000000,1,1,300,5,,1,1,0,25,0,1,,0,0,0,0,0,10000000000,1,1,300,5,,1,1,0,25,0,1,,0,0,0,0,0,10000000000,1,1,300,5,,1,1,0,25,0,1,,0,0,0,0,0,10000000000,1,1,300,5,,1,1,0,25,0,1,,0,0,0,0,0,10000000000,1,1,300,5,,1,1,0,25,0,1,,0,0,0,0,0,10000000000,1,1,300,5,,,,,,,,,,,,,,,,,,,,,,,,,,,,,,,,,,,,,,,,,,,,,,,,,,,,,,,,,,,,,,
0,1,0,25,0.728214858309106,1,0,0,0,0,0,0,10000000000,2,,300,1,,,1,0,25,0.2,1,-0.03,0,0,0,0,0,10000000000,1,,300,5,,,1,0,25,0.2,1,-0.03,0,0,0,0,0,10000000000,1,,300,5,,,1,0,25,0.2,1,-0.03,0,0,0,0,0,10000000000,1,,300,5,,,1,0,25,0.2,1,-0.03,0,0,0,0,0,10000000000,1,,300,5,,,1,0,25,0.2,1,-0.03,0,0,0,0,0,10000000000,1,,300,5,,,1,0,25,0.2,1,-0.03,0,0,0,0,0,10000000000,1,,300,5,,,1,0,25,0.2,1,-0.03,0,0,0,0,0,10000000000,1,,300,5,,,1,0,25,0.2,1,-0.03,0,0,0,0,0,10000000000,1,,300,5,,,1,0,25,0.2,1,-0.03,0,0,0,0,0,10000000000,1,,300,5,,,1,0,25,0.2,1,-0.03,0,0,0,0,0,10000000000,1,,300,5,,,1,0,25,0.2,1,-0.03,0,0,0,0,0,10000000000,1,,300,5,,,,,,,,,,,,,,,,,,,,,,,,,,,,,,,,,,,,,,,,,,,,,,,,,,,,,,,,,,,,,,
1,1,0,25,1,0,0,0,0,0,0,0,10000000000,1,1,300,1,,,2,0,25,0,1,,0,0,0,0,0,10000000000,2,,300,3,,,2,0,25,0,1,,0,0,0,0,0,10000000000,2,,300,3,,,2,0,25,0,1,,0,0,0,0,0,10000000000,2,,300,3,,,2,0,25,0,1,,0,0,0,0,0,10000000000,2,,300,3,,,2,0,25,0,1,,0,0,0,0,0,10000000000,2,,300,3,,,2,0,25,0,1,,0,0,0,0,0,10000000000,2,,300,3,,,2,0,25,0,1,,0,0,0,0,0,10000000000,2,,300,3,,,2,0,25,0,1,,0,0,0,0,0,10000000000,2,,300,3,,,2,0,25,0,1,,0,0,0,0,0,10000000000,2,,300,3,,,2,0,25,0,1,,0,0,0,0,0,10000000000,2,,300,3,,,2,0,25,0,1,,0,0,0,0,0,10000000000,2,,300,3,,,,,,,,,,,,,,,,,,,,,,,,,,,,,,,,,,,,,,,,,,,,,,,,,,,,,,,,,,,,,,
0,1,0,25,0.925384473536799,1,0,0,0,0,0,0,10000000000,2,,300,1,,1,1,0,25,0,1,,0,0,0,0,0,10000000000,1,1,300,5,,1,1,0,25,0,1,,0,0,0,0,0,10000000000,1,1,300,5,,1,1,0,25,0,1,,0,0,0,0,0,10000000000,1,1,300,5,,1,1,0,25,0,1,,0,0,0,0,0,10000000000,1,1,300,5,,1,1,0,25,0,1,,0,0,0,0,0,10000000000,1,1,300,5,,1,1,0,25,0,1,,0,0,0,0,0,10000000000,1,1,300,5,,1,1,0,25,0,1,,0,0,0,0,0,10000000000,1,1,300,5,,1,1,0,25,0,1,,0,0,0,0,0,10000000000,1,1,300,5,,1,1,0,25,0,1,,0,0,0,0,0,10000000000,1,1,300,5,,1,1,0,25,0,1,,0,0,0,0,0,10000000000,1,1,300,5,,1,1,0,25,0,1,,0,0,0,0,0,10000000000,1,1,300,5,,,,,,,,,,,,,,,,,,,,,,,,,,,,,,,,,,,,,,,,,,,,,,,,,,,,,,,,,,,,,,
1,1,0,25,1,0,0,0,0,0,0,0,10000000000,1,1,300,1,,,1,0,25,0.077,1,-0.03,0,0,0,0,0,10000000000,1,,300,5,,,1,0,25,0.077,1,-0.03,0,0,0,0,0,10000000000,1,,300,5,,,1,0,25,0.077,1,-0.03,0,0,0,0,0,10000000000,1,,300,5,,,1,0,25,0.077,1,-0.03,0,0,0,0,0,10000000000,1,,300,5,,,1,0,25,0.077,1,-0.03,0,0,0,0,0,10000000000,1,,300,5,,,1,0,25,0.077,1,-0.03,0,0,0,0,0,10000000000,1,,300,5,,,1,0,25,0.077,1,-0.03,0,0,0,0,0,10000000000,1,,300,5,,,1,0,25,0.077,1,-0.03,0,0,0,0,0,10000000000,1,,300,5,,,1,0,25,0.077,1,-0.03,0,0,0,0,0,10000000000,1,,300,5,,,1,0,25,0.077,1,-0.03,0,0,0,0,0,10000000000,1,,300,5,,,1,0,25,0.077,1,-0.03,0,0,0,0,0,10000000000,1,,300,5,,,,,,,,,,,,,,,,,,,,,,,,,,,,,,,,,,,,,,,,,,,,,,,,,,,,,,,,,,,,,,
0,1,0,25,0.981925925925926,1,0,0,0,0,0,0,10000000000,2,,300,1,,,1,0,25,0.077,1,-0.03,0,0,0,0,0,10000000000,1,,300,5,,,1,0,25,0.077,1,-0.03,0,0,0,0,0,10000000000,1,,300,5,,,1,0,25,0.077,1,-0.03,0,0,0,0,0,10000000000,1,,300,5,,,1,0,25,0.077,1,-0.03,0,0,0,0,0,10000000000,1,,300,5,,,1,0,25,0.077,1,-0.03,0,0,0,0,0,10000000000,1,,300,5,,,1,0,25,0.077,1,-0.03,0,0,0,0,0,10000000000,1,,300,5,,,1,0,25,0.077,1,-0.03,0,0,0,0,0,10000000000,1,,300,5,,,1,0,25,0.077,1,-0.03,0,0,0,0,0,10000000000,1,,300,5,,,1,0,25,0.077,1,-0.03,0,0,0,0,0,10000000000,1,,300,5,,,1,0,25,0.077,1,-0.03,0,0,0,0,0,10000000000,1,,300,5,,,1,0,25,0.077,1,-0.03,0,0,0,0,0,10000000000,1,,300,5,,,,,,,,,,,,,,,,,,,,,,,,,,,,,,,,,,,,,,,,,,,,,,,,,,,,,,,,,,,,,,
0,1,0,25,3.79523780506225E-02,3,0,0,0,0,0,0,10000000000,2,,300,1,,1,1,0,25,0,1,,0,0,0,0,0,10000000000,1,1,300,5,,1,1,0,25,0,1,,0,0,0,0,0,10000000000,1,1,300,5,,1,1,0,25,0,1,,0,0,0,0,0,10000000000,1,1,300,5,,1,1,0,25,0,1,,0,0,0,0,0,10000000000,1,1,300,5,,1,1,0,25,0,1,,0,0,0,0,0,10000000000,1,1,300,5,,1,1,0,25,0,1,,0,0,0,0,0,10000000000,1,1,300,5,,1,1,0,25,0,1,,0,0,0,0,0,10000000000,1,1,300,5,,1,1,0,25,0,1,,0,0,0,0,0,10000000000,1,1,300,5,,1,1,0,25,0,1,,0,0,0,0,0,10000000000,1,1,300,5,,1,1,0,25,0,1,,0,0,0,0,0,10000000000,1,1,300,5,,1,1,0,25,0,1,,0,0,0,0,0,10000000000,1,1,300,5,,,,,,,,,,,,,,,,,,,,,,,,,,,,,,,,,,,,,,,,,,,,,,,,,,,,,,,,,,,,,,
0,1,0,25,0.199249984765768,3,0,0,0,0,0,0,10000000000,2,,300,1,,,1,0,25,0,1,0,0,0,0,0,0,10000000000,1,,300,5,,,1,0,25,0,1,0,0,0,0,0,0,10000000000,1,,300,5,,,1,0,25,0,1,0,0,0,0,0,0,10000000000,1,,300,5,,,1,0,25,0,1,0,0,0,0,0,0,10000000000,1,,300,5,,,1,0,25,0,1,0,0,0,0,0,0,10000000000,1,,300,5,,,1,0,25,0,1,0,0,0,0,0,0,10000000000,1,,300,5,,,1,0,25,0,1,0,0,0,0,0,0,10000000000,1,,300,5,,,1,0,25,0,1,0,0,0,0,0,0,10000000000,1,,300,5,,,1,0,25,0,1,0,0,0,0,0,0,10000000000,1,,300,5,,,1,0,25,0,1,0,0,0,0,0,0,10000000000,1,,300,5,,,1,0,25,0,1,0,0,0,0,0,0,10000000000,1,,300,5,,,,,,,,,,,,,,,,,,,,,,,,,,,,,,,,,,,,,,,,,,,,,,,,,,,,,,,,,,,,,,
0,1,0,25,0.262797637183609,3,0,0,0,0,0,0,10000000000,2,,300,1,,1,1,0,25,0,1,,0,0,0,0,0,10000000000,1,1,300,5,,1,1,0,25,0,1,,0,0,0,0,0,10000000000,1,1,300,5,,1,1,0,25,0,1,,0,0,0,0,0,10000000000,1,1,300,5,,1,1,0,25,0,1,,0,0,0,0,0,10000000000,1,1,300,5,,1,1,0,25,0,1,,0,0,0,0,0,10000000000,1,1,300,5,,1,1,0,25,0,1,,0,0,0,0,0,10000000000,1,1,300,5,,1,1,0,25,0,1,,0,0,0,0,0,10000000000,1,1,300,5,,1,1,0,25,0,1,,0,0,0,0,0,10000000000,1,1,300,5,,1,1,0,25,0,1,,0,0,0,0,0,10000000000,1,1,300,5,,1,1,0,25,0,1,,0,0,0,0,0,10000000000,1,1,300,5,,1,1,0,25,0,1,,0,0,0,0,0,10000000000,1,1,300,5,,,,,,,,,,,,,,,,,,,,,,,,,,,,,,,,,,,,,,,,,,,,,,,,,,,,,,,,,,,,,,
0,1,0,25,0.5,2,0,0,0,0,0,0,10000000000,2,,300,1,,,1,0,25,0.2,1,-0.03,0,0,0,0,0,10000000000,1,,300,5,,,1,0,25,0.2,1,-0.03,0,0,0,0,0,10000000000,1,,300,5,,,1,0,25,0.2,1,-0.03,0,0,0,0,0,10000000000,1,,300,5,,,1,0,25,0.2,1,-0.03,0,0,0,0,0,10000000000,1,,300,5,,,1,0,25,0.2,1,-0.03,0,0,0,0,0,10000000000,1,,300,5,,,1,0,25,0.2,1,-0.03,0,0,0,0,0,10000000000,1,,300,5,,,1,0,25,0.2,1,-0.03,0,0,0,0,0,10000000000,1,,300,5,,,1,0,25,0.2,1,-0.03,0,0,0,0,0,10000000000,1,,300,5,,,1,0,25,0.2,1,-0.03,0,0,0,0,0,10000000000,1,,300,5,,,1,0,25,0.2,1,-0.03,0,0,0,0,0,10000000000,1,,300,5,,,1,0,25,0.2,1,-0.03,0,0,0,0,0,10000000000,1,,300,5,,,,,,,,,,,,,,,,,,,,,,,,,,,,,,,,,,,,,,,,,,,,,,,,,,,,,,,,,,,,,,
0,2,0,25,5048.12737443749,3,0,0,0,0,0,0,10000000000,2,,300,1,,,1,0,25,0.96,1,0.0017,0,0,0,0,0,10000000000,1,,300,5,,,1,0,25,0.96,1,0.0017,0,0,0,0,0,10000000000,1,,300,5,,,1,0,25,0.96,1,0.0017,0,0,0,0,0,10000000000,1,,300,5,,,1,0,25,0.96,1,0.0017,0,0,0,0,0,10000000000,1,,300,5,,,1,0,25,0.96,1,0.0017,0,0,0,0,0,10000000000,1,,300,5,,,1,0,25,0.96,1,0.0017,0,0,0,0,0,10000000000,1,,300,5,,,1,0,25,0.96,1,0.0017,0,0,0,0,0,10000000000,1,,300,5,,,1,0,25,0.96,1,0.0017,0,0,0,0,0,10000000000,1,,300,5,,,1,0,25,0.96,1,0.0017,0,0,0,0,0,10000000000,1,,300,5,,,1,0,25,0.96,1,0.0017,0,0,0,0,0,10000000000,1,,300,5,,,1,0,25,0.96,1,0.0017,0,0,0,0,0,10000000000,1,,300,5,,,,,,,,,,,,,,,,,,,,,,,,,,,,,,,,,,,,,,,,,,,,,,,,,,,,,,,,,,,,,,
0,2,0,25,10000,0,0,0,0,0,0,0,10000000000,2,,300,1,,1,1,0,25,0,0,,0,0,0,0,0,10000000000,1,1,300,5,,1,1,0,25,0,0,,0,0,0,0,0,10000000000,1,1,300,5,,1,1,0,25,0,0,,0,0,0,0,0,10000000000,1,1,300,5,,1,1,0,25,0,0,,0,0,0,0,0,10000000000,1,1,300,5,,1,1,0,25,0,0,,0,0,0,0,0,10000000000,1,1,300,5,,1,1,0,25,0,0,,0,0,0,0,0,10000000000,1,1,300,5,,1,1,0,25,0,0,,0,0,0,0,0,10000000000,1,1,300,5,,1,1,0,25,0,0,,0,0,0,0,0,10000000000,1,1,300,5,,1,1,0,25,0,0,,0,0,0,0,0,10000000000,1,1,300,5,,1,1,0,25,0,0,,0,0,0,0,0,10000000000,1,1,300,5,,1,1,0,25,0,0,,0,0,0,0,0,10000000000,1,1,300,5,,,,,,,,,,,,,,,,,,,,,,,,,,,,,,,,,,,,,,,,,,,,,,,,,,,,,,,,,,,,,,
0,2,0,25,646.469030318678,3,0,0,0,0,0,0,10000000000,2,,300,1,,1,1,0,25,0,1,,0,0,0,0,0,10000000000,1,1,300,5,,1,1,0,25,0,1,,0,0,0,0,0,10000000000,1,1,300,5,,1,1,0,25,0,1,,0,0,0,0,0,10000000000,1,1,300,5,,1,1,0,25,0,1,,0,0,0,0,0,10000000000,1,1,300,5,,1,1,0,25,0,1,,0,0,0,0,0,10000000000,1,1,300,5,,1,1,0,25,0,1,,0,0,0,0,0,10000000000,1,1,300,5,,1,1,0,25,0,1,,0,0,0,0,0,10000000000,1,1,300,5,,1,1,0,25,0,1,,0,0,0,0,0,10000000000,1,1,300,5,,1,1,0,25,0,1,,0,0,0,0,0,10000000000,1,1,300,5,,1,1,0,25,0,1,,0,0,0,0,0,10000000000,1,1,300,5,,1,1,0,25,0,1,,0,0,0,0,0,10000000000,1,1,300,5,,,,,,,,,,,,,,,,,,,,,,,,,,,,,,,,,,,,,,,,,,,,,,,,,,,,,,,,,,,,,,
0,2,0,25,3699.66713630591,3,0,0,0,0,0,0,10000000000,2,,300,1,,,1,0,25,0.65,1,-0.0268,0,0.1,0,0,0,10000000000,1,,300,4,,,1,0,25,0.65,1,-0.0268,0,0.1,0,0,0,10000000000,1,,300,4,,,1,0,25,0.65,1,-0.0268,0,0.1,0,0,0,10000000000,1,,300,4,,,1,0,25,0.65,1,-0.0268,0,0.1,0,0,0,10000000000,1,,300,4,,,1,0,25,0.65,1,-0.0268,0,0.1,0,0,0,10000000000,1,,300,4,,,1,0,25,0.65,1,-0.0268,0,0.1,0,0,0,10000000000,1,,300,4,,,1,0,25,0.65,1,-0.0268,0,0.1,0,0,0,10000000000,1,,300,4,,,1,0,25,0.65,1,-0.0268,0,0.1,0,0,0,10000000000,1,,300,4,,,1,0,25,0.65,1,-0.0268,0,0.1,0,0,0,10000000000,1,,300,4,,,1,0,25,0.65,1,-0.0268,0,0.1,0,0,0,10000000000,1,,300,4,,,1,0,25,0.65,1,-0.0268,0,0.1,0,0,0,10000000000,1,,300,4,,,,,,,,,,,,,,,,,,,,,,,,,,,,,,,,,,,,,,,,,,,,,,,,,,,,,,,,,,,,,,
,,,,,,,,,,,,,,,,,,,1,0,25,0,1,0,0,0,0,0,0,10000000000,1,,300,5,,,1,0,25,0,1,0,0,0,0,0,0,10000000000,1,,300,5,,,1,0,25,0,1,0,0,0,0,0,0,10000000000,1,,300,5,,,1,0,25,0,1,0,0,0,0,0,0,10000000000,1,,300,5,,,1,0,25,0,1,0,0,0,0,0,0,10000000000,1,,300,5,,,1,0,25,0,1,0,0,0,0,0,0,10000000000,1,,300,5,,,1,0,25,0,1,0,0,0,0,0,0,10000000000,1,,300,5,,,1,0,25,0,1,0,0,0,0,0,0,10000000000,1,,300,5,,,1,0,25,0,1,0,0,0,0,0,0,10000000000,1,,300,5,,,1,0,25,0,1,0,0,0,0,0,0,10000000000,1,,300,5,,,1,0,25,0,1,0,0,0,0,0,0,10000000000,1,,300,5,,,,,,,,,,,,,,,,,,,,,,,,,,,,,,,,,,,,,,,,,,,,,,,,,,,,,,,,,,,,,,
,,,,,,,,,,,,,,,,,,,1,0,25,0.25,0,0,0,0,0,0,0,10000000000,1,,300,5,,,1,0,25,0.25,0,0,0,0,0,0,0,10000000000,1,,300,5,,,1,0,25,0.25,0,0,0,0,0,0,0,10000000000,1,,300,5,,,1,0,25,0.25,0,0,0,0,0,0,0,10000000000,1,,300,5,,,1,0,25,0.25,0,0,0,0,0,0,0,10000000000,1,,300,5,,,1,0,25,0.25,0,0,0,0,0,0,0,10000000000,1,,300,5,,,1,0,25,0.25,0,0,0,0,0,0,0,10000000000,1,,300,5,,,1,0,25,0.25,0,0,0,0,0,0,0,10000000000,1,,300,5,,,1,0,25,0.25,0,0,0,0,0,0,0,10000000000,1,,300,5,,,1,0,25,0.25,0,0,0,0,0,0,0,10000000000,1,,300,5,,,1,0,25,0.25,0,0,0,0,0,0,0,10000000000,1,,300,5,,,,,,,,,,,,,,,,,,,,,,,,,,,,,,,,,,,,,,,,,,,,,,,,,,,,,,,,,,,,,,
,,,,,,,,,,,,,,,,,,1,1,0,25,0,1,,0,0,0,0,0,10000000000,1,1,300,5,,1,1,0,25,0,1,,0,0,0,0,0,10000000000,1,1,300,5,,1,1,0,25,0,1,,0,0,0,0,0,10000000000,1,1,300,5,,1,1,0,25,0,1,,0,0,0,0,0,10000000000,1,1,300,5,,1,1,0,25,0,1,,0,0,0,0,0,10000000000,1,1,300,5,,1,1,0,25,0,1,,0,0,0,0,0,10000000000,1,1,300,5,,1,1,0,25,0,1,,0,0,0,0,0,10000000000,1,1,300,5,,1,1,0,25,0,1,,0,0,0,0,0,10000000000,1,1,300,5,,1,1,0,25,0,1,,0,0,0,0,0,10000000000,1,1,300,5,,1,1,0,25,0,1,,0,0,0,0,0,10000000000,1,1,300,5,,1,1,0,25,0,1,,0,0,0,0,0,10000000000,1,1,300,5,,,,,,,,,,,,,,,,,,,,,,,,,,,,,,,,,,,,,,,,,,,,,,,,,,,,,,,,,,,,,,
,,,,,,,,,,,,,,,,,,,1,0,25,0.13,1,0,0,0,0,0,0,10000000000,1,,300,5,,,1,0,25,0.13,1,0,0,0,0,0,0,10000000000,1,,300,5,,,1,0,25,0.13,1,0,0,0,0,0,0,10000000000,1,,300,5,,,1,0,25,0.13,1,0,0,0,0,0,0,10000000000,1,,300,5,,,1,0,25,0.13,1,0,0,0,0,0,0,10000000000,1,,300,5,,,1,0,25,0.13,1,0,0,0,0,0,0,10000000000,1,,300,5,,,1,0,25,0.13,1,0,0,0,0,0,0,10000000000,1,,300,5,,,1,0,25,0.13,1,0,0,0,0,0,0,10000000000,1,,300,5,,,1,0,25,0.13,1,0,0,0,0,0,0,10000000000,1,,300,5,,,1,0,25,0.13,1,0,0,0,0,0,0,10000000000,1,,300,5,,,1,0,25,0.13,1,0,0,0,0,0,0,10000000000,1,,300,5,,,,,,,,,,,,,,,,,,,,,,,,,,,,,,,,,,,,,,,,,,,,,,,,,,,,,,,,,,,,,,
,,,,,,,,,,,,,,,,,,,1,0,25,0.25,1,0,0,0,0,0,0,10000000000,1,,300,5,,,1,0,25,0.25,1,0,0,0,0,0,0,10000000000,1,,300,5,,,1,0,25,0.25,1,0,0,0,0,0,0,10000000000,1,,300,5,,,1,0,25,0.25,1,0,0,0,0,0,0,10000000000,1,,300,5,,,1,0,25,0.25,1,0,0,0,0,0,0,10000000000,1,,300,5,,,1,0,25,0.25,1,0,0,0,0,0,0,10000000000,1,,300,5,,,1,0,25,0.25,1,0,0,0,0,0,0,10000000000,1,,300,5,,,1,0,25,0.25,1,0,0,0,0,0,0,10000000000,1,,300,5,,,1,0,25,0.25,1,0,0,0,0,0,0,10000000000,1,,300,5,,,1,0,25,0.25,1,0,0,0,0,0,0,10000000000,1,,300,5,,,1,0,25,0.25,1,0,0,0,0,0,0,10000000000,1,,300,5,,,,,,,,,,,,,,,,,,,,,,,,,,,,,,,,,,,,,,,,,,,,,,,,,,,,,,,,,,,,,,
,,,,,,,,,,,,,,,,,,1,1,0,25,0,0,,0,0,0,0,0,10000000000,1,1,300,5,,1,1,0,25,0,0,,0,0,0,0,0,10000000000,1,1,300,5,,1,1,0,25,0,0,,0,0,0,0,0,10000000000,1,1,300,5,,1,1,0,25,0,0,,0,0,0,0,0,10000000000,1,1,300,5,,1,1,0,25,0,0,,0,0,0,0,0,10000000000,1,1,300,5,,1,1,0,25,0,0,,0,0,0,0,0,10000000000,1,1,300,5,,1,1,0,25,0,0,,0,0,0,0,0,10000000000,1,1,300,5,,1,1,0,25,0,0,,0,0,0,0,0,10000000000,1,1,300,5,,1,1,0,25,0,0,,0,0,0,0,0,10000000000,1,1,300,5,,1,1,0,25,0,0,,0,0,0,0,0,10000000000,1,1,300,5,,1,1,0,25,0,0,,0,0,0,0,0,10000000000,1,1,300,5,,,,,,,,,,,,,,,,,,,,,,,,,,,,,,,,,,,,,,,,,,,,,,,,,,,,,,,,,,,,,,
,,,,,,,,,,,,,,,,,,,2,0,25,0,1,0,0,0,0,0,0,10000000000,1,,300,3,,,2,0,25,0,1,0,0,0,0,0,0,10000000000,1,,300,3,,,2,0,25,0,1,0,0,0,0,0,0,10000000000,1,,300,3,,,2,0,25,0,1,0,0,0,0,0,0,10000000000,1,,300,3,,,2,0,25,0,1,0,0,0,0,0,0,10000000000,1,,300,3,,,2,0,25,0,1,0,0,0,0,0,0,10000000000,1,,300,3,,,2,0,25,0,1,0,0,0,0,0,0,10000000000,1,,300,3,,,2,0,25,0,1,0,0,0,0,0,0,10000000000,1,,300,3,,,2,0,25,0,1,0,0,0,0,0,0,10000000000,1,,300,3,,,2,0,25,0,1,0,0,0,0,0,0,10000000000,1,,300,3,,,2,0,25,0,1,0,0,0,0,0,0,10000000000,1,,300,3,,,,,,,,,,,,,,,,,,,,,,,,,,,,,,,,,,,,,,,,,,,,,,,,,,,,,,,,,,,,,,
,,,,,,,,,,,,,,,,,,,2,0,25,0,0,0,0,0,0,0,0,10000000000,1,,300,3,,,2,0,25,0,0,0,0,0,0,0,0,10000000000,1,,300,3,,,2,0,25,0,0,0,0,0,0,0,0,10000000000,1,,300,3,,,2,0,25,0,0,0,0,0,0,0,0,10000000000,1,,300,3,,,2,0,25,0,0,0,0,0,0,0,0,10000000000,1,,300,3,,,2,0,25,0,0,0,0,0,0,0,0,10000000000,1,,300,3,,,2,0,25,0,0,0,0,0,0,0,0,10000000000,1,,300,3,,,2,0,25,0,0,0,0,0,0,0,0,10000000000,1,,300,3,,,2,0,25,0,0,0,0,0,0,0,0,10000000000,1,,300,3,,,2,0,25,0,0,0,0,0,0,0,0,10000000000,1,,300,3,,,2,0,25,0,0,0,0,0,0,0,0,10000000000,1,,300,3,,,,,,,,,,,,,,,,,,,,,,,,,,,,,,,,,,,,,,,,,,,,,,,,,,,,,,,,,,,,,,
,,,,,,,,,,,,,,,,,,,1,0,25,1,0,0,0,0,0,0,0,10000000000,1,,300,5,,,1,0,25,1,0,0,0,0,0,0,0,10000000000,1,,300,5,,,1,0,25,1,0,0,0,0,0,0,0,10000000000,1,,300,5,,,1,0,25,1,0,0,0,0,0,0,0,10000000000,1,,300,5,,,1,0,25,1,0,0,0,0,0,0,0,10000000000,1,,300,5,,,1,0,25,1,0,0,0,0,0,0,0,10000000000,1,,300,5,,,1,0,25,1,0,0,0,0,0,0,0,10000000000,1,,300,5,,,1,0,25,1,0,0,0,0,0,0,0,10000000000,1,,300,5,,,1,0,25,1,0,0,0,0,0,0,0,10000000000,1,,300,5,,,1,0,25,1,0,0,0,0,0,0,0,10000000000,1,,300,5,,,1,0,25,1,0,0,0,0,0,0,0,10000000000,1,,300,5,,,,,,,,,,,,,,,,,,,,,,,,,,,,,,,,,,,,,,,,,,,,,,,,,,,,,,,,,,,,,,
,,,,,,,,,,,,,,,,,,,1,0,25,1,0,0,0,0,0,0,0,10000000000,1,,300,5,,,1,0,25,1,0,0,0,0,0,0,0,10000000000,1,,300,5,,,1,0,25,1,0,0,0,0,0,0,0,10000000000,1,,300,5,,,1,0,25,1,0,0,0,0,0,0,0,10000000000,1,,300,5,,,1,0,25,1,0,0,0,0,0,0,0,10000000000,1,,300,5,,,1,0,25,1,0,0,0,0,0,0,0,10000000000,1,,300,5,,,1,0,25,1,0,0,0,0,0,0,0,10000000000,1,,300,5,,,1,0,25,1,0,0,0,0,0,0,0,10000000000,1,,300,5,,,1,0,25,1,0,0,0,0,0,0,0,10000000000,1,,300,5,,,1,0,25,1,0,0,0,0,0,0,0,10000000000,1,,300,5,,,1,0,25,1,0,0,0,0,0,0,0,10000000000,1,,300,5,,,,,,,,,,,,,,,,,,,,,,,,,,,,,,,,,,,,,,,,,,,,,,,,,,,,,,,,,,,,,,
,,,,,,,,,,,,,,,,,,,1,0,25,1,0,0,0,0,0,0,0,10000000000,1,,300,5,,,1,0,25,1,0,0,0,0,0,0,0,10000000000,1,,300,5,,,1,0,25,1,0,0,0,0,0,0,0,10000000000,1,,300,5,,,1,0,25,1,0,0,0,0,0,0,0,10000000000,1,,300,5,,,1,0,25,1,0,0,0,0,0,0,0,10000000000,1,,300,5,,,1,0,25,1,0,0,0,0,0,0,0,10000000000,1,,300,5,,,1,0,25,1,0,0,0,0,0,0,0,10000000000,1,,300,5,,,1,0,25,1,0,0,0,0,0,0,0,10000000000,1,,300,5,,,1,0,25,1,0,0,0,0,0,0,0,10000000000,1,,300,5,,,1,0,25,1,0,0,0,0,0,0,0,10000000000,1,,300,5,,,1,0,25,1,0,0,0,0,0,0,0,10000000000,1,,300,5,,,,,,,,,,,,,,,,,,,,,,,,,,,,,,,,,,,,,,,,,,,,,,,,,,,,,,,,,,,,,,
,,,,,,,,,,,,,,,,,,,2,0,25,100,0,0.02,0,0,0,0,0,10000000000,1,,300,3,,,2,0,25,100,0,0.02,0,0,0,0,0,10000000000,1,,300,3,,,2,0,25,100,0,0.02,0,0,0,0,0,10000000000,1,,300,3,,,2,0,25,100,0,0.02,0,0,0,0,0,10000000000,1,,300,3,,,2,0,25,100,0,0.02,0,0,0,0,0,10000000000,1,,300,3,,,2,0,25,100,0,0.02,0,0,0,0,0,10000000000,1,,300,3,,,2,0,25,100,0,0.02,0,0,0,0,0,10000000000,1,,300,3,,,2,0,25,100,0,0.02,0,0,0,0,0,10000000000,1,,300,3,,,2,0,25,100,0,0.02,0,0,0,0,0,10000000000,1,,300,3,,,2,0,25,100,0,0.02,0,0,0,0,0,10000000000,1,,300,3,,,2,0,25,100,0,0.02,0,0,0,0,0,10000000000,1,,300,3,,,,,,,,,,,,,,,,,,,,,,,,,,,,,,,,,,,,,,,,,,,,,,,,,,,,,,,,,,,,,,
,,,,,,,,,,,,,,,,,,,,,,,,,,,,,,,,,,,,,,,,,,,,,,,,,,,,,,,,,,,,,,,,,,,,,,,,,,,,,,,,,,,,,,,,,,,,,,,,,,,,,,,,,,,,,,,,,,,,,,,,,,,,,,,,,,,,,,,,,,,,,,,,,,,,,,,,,,,,,,,,,,,,,,,,,,,,,,,,,,,,,,,,,,,,,,,,,,,,,,,,,,,,,,,,,,,,,,,,,,,,,,,,,,,,,,,,,,,,,,,,,,,,,,,,,,,,,,,,,,,,,,,,,,,,,,,,,,,,
,,,,,,,,,,,,,,,,,,,,,,,,,,,,,,,,,,,,,,,,,,,,,,,,,,,,,,,,,,,,,,,,,,,,,,,,,,,,,,,,,,,,,,,,,,,,,,,,,,,,,,,,,,,,,,,,,,,,,,,,,,,,,,,,,,,,,,,,,,,,,,,,,,,,,,,,,,,,,,,,,,,,,,,,,,,,,,,,,,,,,,,,,,,,,,,,,,,,,,,,,,,,,,,,,,,,,,,,,,,,,,,,,,,,,,,,,,,,,,,,,,,,,,,,,,,,,,,,,,,,,,,,,,,,,,,,,,,,
,,,,,,,,,,,,,,,,,,,,,,,,,,,,,,,,,,,,,,,,,,,,,,,,,,,,,,,,,,,,,,,,,,,,,,,,,,,,,,,,,,,,,,,,,,,,,,,,,,,,,,,,,,,,,,,,,,,,,,,,,,,,,,,,,,,,,,,,,,,,,,,,,,,,,,,,,,,,,,,,,,,,,,,,,,,,,,,,,,,,,,,,,,,,,,,,,,,,,,,,,,,,,,,,,,,,,,,,,,,,,,,,,,,,,,,,,,,,,,,,,,,,,,,,,,,,,,,,,,,,,,,,,,,,,,,,,,,,
,,,,,,,,,,,,,,,,,,,,,,,,,,,,,,,,,,,,,,,,,,,,,,,,,,,,,,,,,,,,,,,,,,,,,,,,,,,,,,,,,,,,,,,,,,,,,,,,,,,,,,,,,,,,,,,,,,,,,,,,,,,,,,,,,,,,,,,,,,,,,,,,,,,,,,,,,,,,,,,,,,,,,,,,,,,,,,,,,,,,,,,,,,,,,,,,,,,,,,,,,,,,,,,,,,,,,,,,,,,,,,,,,,,,,,,,,,,,,,,,,,,,,,,,,,,,,,,,,,,,,,,,,,,,,,,,,,,,
,,,,,,,,,,,,,,,,,,,,,,,,,,,,,,,,,,,,,,,,,,,,,,,,,,,,,,,,,,,,,,,,,,,,,,,,,,,,,,,,,,,,,,,,,,,,,,,,,,,,,,,,,,,,,,,,,,,,,,,,,,,,,,,,,,,,,,,,,,,,,,,,,,,,,,,,,,,,,,,,,,,,,,,,,,,,,,,,,,,,,,,,,,,,,,,,,,,,,,,,,,,,,,,,,,,,,,,,,,,,,,,,,,,,,,,,,,,,,,,,,,,,,,,,,,,,,,,,,,,,,,,,,,,,,,,,,,,,
,,,,,,-4.29215243912831E-02,,,,,,,,,,,,,,,,,,,,,,,,,,,,,,,,,,,,,,,,,,,,,,,,,,,,,,,,,,,,,,,,,,,,,,,,,,,,,,,,,,,,,,,,,,,,,,,,,,,,,,,,,,,,,,,,,,,,,,,,,,,,,,,,,,,,,,,,,,,,,,,,,,,,,,,,,,,,,,,,,,,,,,,,,,,,,,,,,,,,,,,,,,,,,,,,,,,,,,,,,,,,,,,,,,,,,,,,,,,,,,,,,,,,,,,,,,,,,,,,,,,,,,,,,,,,,,,,,,,,,,,,,,,,,,
,,,,,,,,,,,,,,,,,,,,,,,,,,,,,,,,,,,,,,,,,,,,,,,,,,,,,,,,,,,,,,,,,,,,,,,,,,,,,,,,,,,,,,,,,,,,,,,,,,,,,,,,,,,,,,,,,,,,,,,,,,,,,,,,,,,,,,,,,,,,,,,,,,,,,,,,,,,,,,,,,,,,,,,,,,,,,,,,,,,,,,,,,,,,,,,,,,,,,,,,,,,,,,,,,,,,,,,,,,,,,,,,,,,,,,,,,,,,,,,,,,,,,,,,,,,,,,,,,,,,,,,,,,,,,,,,,,,,
,,,,,,,,,,,,,,,,,,,,,,,,,,,,,,,,,,,,,,,,,,,,,,,,,,,,,,,,,,,,,,,,,,,,,,,,,,,,,,,,,,,,,,,,,,,,,,,,,,,,,,,,,,,,,,,,,,,,,,,,,,,,,,,,,,,,,,,,,,,,,,,,,,,,,,,,,,,,,,,,,,,,,,,,,,,,,,,,,,,,,,,,,,,,,,,,,,,,,,,,,,,,,,,,,,,,,,,,,,,,,,,,,,,,,,,,,,,,,,,,,,,,,,,,,,,,,,,,,,,,,,,,,,,,,,,,,,,,
,,,,,,,,,,,,,,,,,,,,,,,,,,,,,,,,,,,,,,,,,,,,,,,,,,,,,,,,,,,,,,,,,,,,,,,,,,,,,,,,,,,,,,,,,,,,,,,,,,,,,,,,,,,,,,,,,,,,,,,,,,,,,,,,,,,,,,,,,,,,,,,,,,,,,,,,,,,,,,,,,,,,,,,,,,,,,,,,,,,,,,,,,,,,,,,,,,,,,,,,,,,,,,,,,,,,,,,,,,,,,,,,,,,,,,,,,,,,,,,,,,,,,,,,,,,,,,,,,,,,,,,,,,,,,,,,,,,,
,,,,,,,,,,,,,,,,,,,,,,,,,,,,,,,,,,,,,,,,,,,,,,,,,,,,,,,,,,,,,,,,,,,,,,,,,,,,,,,,,,,,,,,,,,,,,,,,,,,,,,,,,,,,,,,,,,,,,,,,,,,,,,,,,,,,,,,,,,,,,,,,,,,,,,,,,,,,,,,,,,,,,,,,,,,,,,,,,,,,,,,,,,,,,,,,,,,,,,,,,,,,,,,,,,,,,,,,,,,,,,,,,,,,,,,,,,,,,,,,,,,,,,,,,,,,,,,,,,,,,,,,,,,,,,,,,,,,
,,,,,,,,,,,,,,,,,,,,,,,,,,,,,,,,,,,,,,,,,,,,,,,,,,,,,,,,,,,,,,,,,,,,,,,,,,,,,,,,,,,,,,,,,,,,,,,,,,,,,,,,,,,,,,,,,,,,,,,,,,,,,,,,,,,,,,,,,,,,,,,,,,,,,,,,,,,,,,,,,,,,,,,,,,,,,,,,,,,,,,,,,,,,,,,,,,,,,,,,,,,,,,,,,,,,,,,,,,,,,,,,,,,,,,,,,,,,,,,,,,,,,,,,,,,,,,,,,,,,,,,,,,,,,,,,,,,,
,,,,,,,,,,,,,,,,,,,,,,,,,,,,,,,,,,,,,,,,,,,,,,,,,,,,,,,,,,,,,,,,,,,,,,,,,,,,,,,,,,,,,,,,,,,,,,,,,,,,,,,,,,,,,,,,,,,,,,,,,,,,,,,,,,,,,,,,,,,,,,,,,,,,,,,,,,,,,,,,,,,,,,,,,,,,,,,,,,,,,,,,,,,,,,,,,,,,,,,,,,,,,,,,,,,,,,,,,,,,,,,,,,,,,,,,,,,,,,,,,,,,,,,,,,,,,,,,,,,,,,,,,,,,,,,,,,,,
,,,,,,,,,,,,,,,,,,,,,,,,,,,,,,,,,,,,,,,,,,,,,,,,,,,,,,,,,,,,,,,,,,,,,,,,,,,,,,,,,,,,,,,,,,,,,,,,,,,,,,,,,,,,,,,,,,,,,,,,,,,,,,,,,,,,,,,,,,,,,,,,,,,,,,,,,,,,,,,,,,,,,,,,,,,,,,,,,,,,,,,,,,,,,,,,,,,,,,,,,,,,,,,,,,,,,,,,,,,,,,,,,,,,,,,,,,,,,,,,,,,,,,,,,,,,,,,,,,,,,,,,,,,,,,,,,,,,
,,,,,,,,,,,,,,,,,,,,,,,,,,,,,,,,,,,,,,,,,,,,,,,,,,,,,,,,,,,,,,,,,,,,,,,,,,,,,,,,,,,,,,,,,,,,,,,,,,,,,,,,,,,,,,,,,,,,,,,,,,,,,,,,,,,,,,,,,,,,,,,,,,,,,,,,,,,,,,,,,,,,,,,,,,,,,,,,,,,,,,,,,,,,,,,,,,,,,,,,,,,,,,,,,,,,,,,,,,,,,,,,,,,,,,,,,,,,,,,,,,,,,,,,,,,,,,,,,,,,,,,,,,,,,,,,,,,,
,,,,,,,,,,,,,,,,,,,,,,,,,,,,,,,,,,,,,,,,,,,,,,,,,,,,,,,,,,,,,,,,,,,,,,,,,,,,,,,,,,,,,,,,,,,,,,,,,,,,,,,,,,,,,,,,,,,,,,,,,,,,,,,,,,,,,,,,,,,,,,,,,,,,,,,,,,,,,,,,,,,,,,,,,,,,,,,,,,,,,,,,,,,,,,,,,,,,,,,,,,,,,,,,,,,,,,,,,,,,,,,,,,,,,,,,,,,,,,,,,,,,,,,,,,,,,,,,,,,,,,,,,,,,,,,,,,,,
,,,,,,,,,,,,,,,,,,,,,,,,,,,,,,,,,,,,,,,,,,,,,,,,,,,,,,,,,,,,,,,,,,,,,,,,,,,,,,,,,,,,,,,,,,,,,,,,,,,,,,,,,,,,,,,,,,,,,,,,,,,,,,,,,,,,,,,,,,,,,,,,,,,,,,,,,,,,,,,,,,,,,,,,,,,,,,,,,,,,,,,,,,,,,,,,,,,,,,,,,,,,,,,,,,,,,,,,,,,,,,,,,,,,,,,,,,,,,,,,,,,,,,,,,,,,,,,,,,,,,,,,,,,,,,,,,,,,
,,,,,,,,,,,,,,,,,,,,,,,,,,,,,,,,,,,,,,,,,,,,,,,,,,,,,,,,,,,,,,,,,,,,,,,,,,,,,,,,,,,,,,,,,,,,,,,,,,,,,,,,,,,,,,,,,,,,,,,,,,,,,,,,,,,,,,,,,,,,,,,,,,,,,,,,,,,,,,,,,,,,,,,,,,,,,,,,,,,,,,,,,,,,,,,,,,,,,,,,,,,,,,,,,,,,,,,,,,,,,,,,,,,,,,,,,,,,,,,,,,,,,,,,,,,,,,,,,,,,,,,,,,,,,,,,,,,,
,,,,,,,,,,,,,,,,,,,,,,,,,,,,,,,,,,,,,,,,,,,,,,,,,,,,,,,,,,,,,,,,,,,,,,,,,,,,,,,,,,,,,,,,,,,,,,,,,,,,,,,,,,,,,,,,,,,,,,,,,,,,,,,,,,,,,,,,,,,,,,,,,,,,,,,,,,,,,,,,,,,,,,,,,,,,,,,,,,,,,,,,,,,,,,,,,,,,,,,,,,,,,,,,,,,,,,,,,,,,,,,,,,,,,,,,,,,,,,,,,,,,,,,,,,,,,,,,,,,,,,,,,,,,,,,,,,,,
,,,,,,,,,,,,,,,,,,,,,,,,,,,,,,,,,,,,,,,,,,,,,,,,,,,,,,,,,,,,,,,,,,,,,,,,,,,,,,,,,,,,,,,,,,,,,,,,,,,,,,,,,,,,,,,,,,,,,,,,,,,,,,,,,,,,,,,,,,,,,,,,,,,,,,,,,,,,,,,,,,,,,,,,,,,,,,,,,,,,,,,,,,,,,,,,,,,,,,,,,,,,,,,,,,,,,,,,,,,,,,,,,,,,,,,,,,,,,,,,,,,,,,,,,,,,,,,,,,,,,,,,,,,,,,,,,,,,
,,,,,,,,,,,,,,,,,,,,,,,,,,,,,,,,,,,,,,,,,,,,,,,,,,,,,,,,,,,,,,,,,,,,,,,,,,,,,,,,,,,,,,,,,,,,,,,,,,,,,,,,,,,,,,,,,,,,,,,,,,,,,,,,,,,,,,,,,,,,,,,,,,,,,,,,,,,,,,,,,,,,,,,,,,,,,,,,,,,,,,,,,,,,,,,,,,,,,,,,,,,,,,,,,,,,,,,,,,,,,,,,,,,,,,,,,,,,,,,,,,,,,,,,,,,,,,,,,,,,,,,,,,,,,,,,,,,,
,,,,,,,,,,,,,,,,,,,,,,,,,,,,,,,,,,,,,,,,,,,,,,,,,,,,,,,,,,,,,,,,,,,,,,,,,,,,,,,,,,,,,,,,,,,,,,,,,,,,,,,,,,,,,,,,,,,,,,,,,,,,,,,,,,,,,,,,,,,,,,,,,,,,,,,,,,,,,,,,,,,,,,,,,,,,,,,,,,,,,,,,,,,,,,,,,,,,,,,,,,,,,,,,,,,,,,,,,,,,,,,,,,,,,,,,,,,,,,,,,,,,,,,,,,,,,,,,,,,,,,,,,,,,,,,,,,,,
,,,,,,,,,,,,,,,,,,,,,,,,,,,,,,,,,,,,,,,,,,,,,,,,,,,,,,,,,,,,,,,,,,,,,,,,,,,,,,,,,,,,,,,,,,,,,,,,,,,,,,,,,,,,,,,,,,,,,,,,,,,,,,,,,,,,,,,,,,,,,,,,,,,,,,,,,,,,,,,,,,,,,,,,,,,,,,,,,,,,,,,,,,,,,,,,,,,,,,,,,,,,,,,,,,,,,,,,,,,,,,,,,,,,,,,,,,,,,,,,,,,,,,,,,,,,,,,,,,,,,,,,,,,,,,,,,,,,
,,,,,,,,,,,,,,,,,,,,,,,,,,,,,,,,,,,,,,,,,,,,,,,,,,,,,,,,,,,,,,,,,,,,,,,,,,,,,,,,,,,,,,,,,,,,,,,,,,,,,,,,,,,,,,,,,,,,,,,,,,,,,,,,,,,,,,,,,,,,,,,,,,,,,,,,,,,,,,,,,,,,,,,,,,,,,,,,,,,,,,,,,,,,,,,,,,,,,,,,,,,,,,,,,,,,,,,,,,,,,,,,,,,,,,,,,,,,,,,,,,,,,,,,,,,,,,,,,,,,,,,,,,,,,,,,,,,,
,,,,,,,,,,,,,,,,,,,,,,,,,,,,,,,,,,,,,,,,,,,,,,,,,,,,,,,,,,,,,,,,,,,,,,,,,,,,,,,,,,,,,,,,,,,,,,,,,,,,,,,,,,,,,,,,,,,,,,,,,,,,,,,,,,,,,,,,,,,,,,,,,,,,,,,,,,,,,,,,,,,,,,,,,,,,,,,,,,,,,,,,,,,,,,,,,,,,,,,,,,,,,,,,,,,,,,,,,,,,,,,,,,,,,,,,,,,,,,,,,,,,,,,,,,,,,,,,,,,,,,,,,,,,,,,,,,,,
,,,,,,,,,,,,,,,,,,,,,,,,,,,,,,,,,,,,,,,,,,,,,,,,,,,,,,,,,,,,,,,,,,,,,,,,,,,,,,,,,,,,,,,,,,,,,,,,,,,,,,,,,,,,,,,,,,,,,,,,,,,,,,,,,,,,,,,,,,,,,,,,,,,,,,,,,,,,,,,,,,,,,,,,,,,,,,,,,,,,,,,,,,,,,,,,,,,,,,,,,,,,,,,,,,,,,,,,,,,,,,,,,,,,,,,,,,,,,,,,,,,,,,,,,,,,,,,,,,,,,,,,,,,,,,,,,,,,
,,,,,,,,,,,,,,,,,,,,,,,,,,,,,,,,,,,,,,,,,,,,,,,,,,,,,,,,,,,,,,,,,,,,,,,,,,,,,,,,,,,,,,,,,,,,,,,,,,,,,,,,,,,,,,,,,,,,,,,,,,,,,,,,,,,,,,,,,,,,,,,,,,,,,,,,,,,,,,,,,,,,,,,,,,,,,,,,,,,,,,,,,,,,,,,,,,,,,,,,,,,,,,,,,,,,,,,,,,,,,,,,,,,,,,,,,,,,,,,,,,,,,,,,,,,,,,,,,,,,,,,,,,,,,,,,,,,,
,,,,,,,,,,,,,,,,,,,,,,,,,,,,,,,,,,,,,,,,,,,,,,,,,,,,,,,,,,,,,,,,,,,,,,,,,,,,,,,,,,,,,,,,,,,,,,,,,,,,,,,,,,,,,,,,,,,,,,,,,,,,,,,,,,,,,,,,,,,,,,,,,,,,,,,,,,,,,,,,,,,,,,,,,,,,,,,,,,,,,,,,,,,,,,,,,,,,,,,,,,,,,,,,,,,,,,,,,,,,,,,,,,,,,,,,,,,,,,,,,,,,,,,,,,,,,,,,,,,,,,,,,,,,,,,,,,,,
,,,,,,,,,,,,,,,,,,,,,,,,,,,,,,,,,,,,,,,,,,,,,,,,,,,,,,,,,,,,,,,,,,,,,,,,,,,,,,,,,,,,,,,,,,,,,,,,,,,,,,,,,,,,,,,,,,,,,,,,,,,,,,,,,,,,,,,,,,,,,,,,,,,,,,,,,,,,,,,,,,,,,,,,,,,,,,,,,,,,,,,,,,,,,,,,,,,,,,,,,,,,,,,,,,,,,,,,,,,,,,,,,,,,,,,,,,,,,,,,,,,,,,,,,,,,,,,,,,,,,,,,,,,,,,,,,,,,
,,,,,,,,,,,,,,,,,,,,,,,,,,,,,,,,,,,,,,,,,,,,,,,,,,,,,,,,,,,,,,,,,,,,,,,,,,,,,,,,,,,,,,,,,,,,,,,,,,,,,,,,,,,,,,,,,,,,,,,,,,,,,,,,,,,,,,,,,,,,,,,,,,,,,,,,,,,,,,,,,,,,,,,,,,,,,,,,,,,,,,,,,,,,,,,,,,,,,,,,,,,,,,,,,,,,,,,,,,,,,,,,,,,,,,,,,,,,,,,,,,,,,,,,,,,,,,,,,,,,,,,,,,,,,,,,,,,,
,,,,,,,,,,,,,,,,,,,,,,,,,,,,,,,,,,,,,,,,,,,,,,,,,,,,,,,,,,,,,,,,,,,,,,,,,,,,,,,,,,,,,,,,,,,,,,,,,,,,,,,,,,,,,,,,,,,,,,,,,,,,,,,,,,,,,,,,,,,,,,,,,,,,,,,,,,,,,,,,,,,,,,,,,,,,,,,,,,,,,,,,,,,,,,,,,,,,,,,,,,,,,,,,,,,,,,,,,,,,,,,,,,,,,,,,,,,,,,,,,,,,,,,,,,,,,,,,,,,,,,,,,,,,,,,,,,,,
,,,,,,,,,,,,,,,,,,,,,,,,,,,,,,,,,,,,,,,,,,,,,,,,,,,,,,,,,,,,,,,,,,,,,,,,,,,,,,,,,,,,,,,,,,,,,,,,,,,,,,,,,,,,,,,,,,,,,,,,,,,,,,,,,,,,,,,,,,,,,,,,,,,,,,,,,,,,,,,,,,,,,,,,,,,,,,,,,,,,,,,,,,,,,,,,,,,,,,,,,,,,,,,,,,,,,,,,,,,,,,,,,,,,,,,,,,,,,,,,,,,,,,,,,,,,,,,,,,,,,,,,,,,,,,,,,,,,
,,,,,,,,,,,,,,,,,,,,,,,,,,,,,,,,,,,,,,,,,,,,,,,,,,,,,,,,,,,,,,,,,,,,,,,,,,,,,,,,,,,,,,,,,,,,,,,,,,,,,,,,,,,,,,,,,,,,,,,,,,,,,,,,,,,,,,,,,,,,,,,,,,,,,,,,,,,,,,,,,,,,,,,,,,,,,,,,,,,,,,,,,,,,,,,,,,,,,,,,,,,,,,,,,,,,,,,,,,,,,,,,,,,,,,,,,,,,,,,,,,,,,,,,,,,,,,,,,,,,,,,,,,,,,,,,,,,,
,,,,,,,,,,,,,,,,,,,,,,,,,,,,,,,,,,,,,,,,,,,,,,,,,,,,,,,,,,,,,,,,,,,,,,,,,,,,,,,,,,,,,,,,,,,,,,,,,,,,,,,,,,,,,,,,,,,,,,,,,,,,,,,,,,,,,,,,,,,,,,,,,,,,,,,,,,,,,,,,,,,,,,,,,,,,,,,,,,,,,,,,,,,,,,,,,,,,,,,,,,,,,,,,,,,,,,,,,,,,,,,,,,,,,,,,,,,,,,,,,,,,,,,,,,,,,,,,,,,,,,,,,,,,,,,,,,,,
,,,,,,,,,,,,,,,,,,,,,,,,,,,,,,,,,,,,,,,,,,,,,,,,,,,,,,,,,,,,,,,,,,,,,,,,,,,,,,,,,,,,,,,,,,,,,,,,,,,,,,,,,,,,,,,,,,,,,,,,,,,,,,,,,,,,,,,,,,,,,,,,,,,,,,,,,,,,,,,,,,,,,,,,,,,,,,,,,,,,,,,,,,,,,,,,,,,,,,,,,,,,,,,,,,,,,,,,,,,,,,,,,,,,,,,,,,,,,,,,,,,,,,,,,,,,,,,,,,,,,,,,,,,,,,,,,,,,
,,,,,,,,,,,,,,,,,,,,,,,,,,,,,,,,,,,,,,,,,,,,,,,,,,,,,,,,,,,,,,,,,,,,,,,,,,,,,,,,,,,,,,,,,,,,,,,,,,,,,,,,,,,,,,,,,,,,,,,,,,,,,,,,,,,,,,,,,,,,,,,,,,,,,,,,,,,,,,,,,,,,,,,,,,,,,,,,,,,,,,,,,,,,,,,,,,,,,,,,,,,,,,,,,,,,,,,,,,,,,,,,,,,,,,,,,,,,,,,,,,,,,,,,,,,,,,,,,,,,,,,,,,,,,,,,,,,,
,,,,,,,,,,,,,,,,,,,,,,,,,,,,,,,,,,,,,,,,,,,,,,,,,,,,,,,,,,,,,,,,,,,,,,,,,,,,,,,,,,,,,,,,,,,,,,,,,,,,,,,,,,,,,,,,,,,,,,,,,,,,,,,,,,,,,,,,,,,,,,,,,,,,,,,,,,,,,,,,,,,,,,,,,,,,,,,,,,,,,,,,,,,,,,,,,,,,,,,,,,,,,,,,,,,,,,,,,,,,,,,,,,,,,,,,,,,,,,,,,,,,,,,,,,,,,,,,,,,,,,,,,,,,,,,,,,,,
,,,,,,,,,,,,,,,,,,,,,,,,,,,,,,,,,,,,,,,,,,,,,,,,,,,,,,,,,,,,,,,,,,,,,,,,,,,,,,,,,,,,,,,,,,,,,,,,,,,,,,,,,,,,,,,,,,,,,,,,,,,,,,,,,,,,,,,,,,,,,,,,,,,,,,,,,,,,,,,,,,,,,,,,,,,,,,,,,,,,,,,,,,,,,,,,,,,,,,,,,,,,,,,,,,,,,,,,,,,,,,,,,,,,,,,,,,,,,,,,,,,,,,,,,,,,,,,,,,,,,,,,,,,,,,,,,,,,
,,,,,,,,,,,,,,,,,,,,,,,,,,,,,,,,,,,,,,,,,,,,,,,,,,,,,,,,,,,,,,,,,,,,,,,,,,,,,,,,,,,,,,,,,,,,,,,,,,,,,,,,,,,,,,,,,,,,,,,,,,,,,,,,,,,,,,,,,,,,,,,,,,,,,,,,,,,,,,,,,,,,,,,,,,,,,,,,,,,,,,,,,,,,,,,,,,,,,,,,,,,,,,,,,,,,,,,,,,,,,,,,,,,,,,,,,,,,,,,,,,,,,,,,,,,,,,,,,,,,,,,,,,,,,,,,,,,,
,,,,,,,,,,,,,,,,,,,,,,,,,,,,,,,,,,,,,,,,,,,,,,,,,,,,,,,,,,,,,,,,,,,,,,,,,,,,,,,,,,,,,,,,,,,,,,,,,,,,,,,,,,,,,,,,,,,,,,,,,,,,,,,,,,,,,,,,,,,,,,,,,,,,,,,,,,,,,,,,,,,,,,,,,,,,,,,,,,,,,,,,,,,,,,,,,,,,,,,,,,,,,,,,,,,,,,,,,,,,,,,,,,,,,,,,,,,,,,,,,,,,,,,,,,,,,,,,,,,,,,,,,,,,,,,,,,,,
,,,,,,,,,,,,,,,,,,,,,,,,,,,,,,,,,,,,,,,,,,,,,,,,,,,,,,,,,,,,,,,,,,,,,,,,,,,,,,,,,,,,,,,,,,,,,,,,,,,,,,,,,,,,,,,,,,,,,,,,,,,,,,,,,,,,,,,,,,,,,,,,,,,,,,,,,,,,,,,,,,,,,,,,,,,,,,,,,,,,,,,,,,,,,,,,,,,,,,,,,,,,,,,,,,,,,,,,,,,,,,,,,,,,,,,,,,,,,,,,,,,,,,,,,,,,,,,,,,,,,,,,,,,,,,,,,,,,
,,,,,,,,,,,,,,,,,,,,,,,,,,,,,,,,,,,,,,,,,,,,,,,,,,,,,,,,,,,,,,,,,,,,,,,,,,,,,,,,,,,,,,,,,,,,,,,,,,,,,,,,,,,,,,,,,,,,,,,,,,,,,,,,,,,,,,,,,,,,,,,,,,,,,,,,,,,,,,,,,,,,,,,,,,,,,,,,,,,,,,,,,,,,,,,,,,,,,,,,,,,,,,,,,,,,,,,,,,,,,,,,,,,,,,,,,,,,,,,,,,,,,,,,,,,,,,,,,,,,,,,,,,,,,,,,,,,,
,,,,,,,,,,,,,,,,,,,,,,,,,,,,,,,,,,,,,,,,,,,,,,,,,,,,,,,,,,,,,,,,,,,,,,,,,,,,,,,,,,,,,,,,,,,,,,,,,,,,,,,,,,,,,,,,,,,,,,,,,,,,,,,,,,,,,,,,,,,,,,,,,,,,,,,,,,,,,,,,,,,,,,,,,,,,,,,,,,,,,,,,,,,,,,,,,,,,,,,,,,,,,,,,,,,,,,,,,,,,,,,,,,,,,,,,,,,,,,,,,,,,,,,,,,,,,,,,,,,,,,,,,,,,,,,,,,,,
,,,,,,,,,,,,,,,,,,,,,,,,,,,,,,,,,,,,,,,,,,,,,,,,,,,,,,,,,,,,,,,,,,,,,,,,,,,,,,,,,,,,,,,,,,,,,,,,,,,,,,,,,,,,,,,,,,,,,,,,,,,,,,,,,,,,,,,,,,,,,,,,,,,,,,,,,,,,,,,,,,,,,,,,,,,,,,,,,,,,,,,,,,,,,,,,,,,,,,,,,,,,,,,,,,,,,,,,,,,,,,,,,,,,,,,,,,,,,,,,,,,,,,,,,,,,,,,,,,,,,,,,,,,,,,,,,,,,
,,,,,,,,,,,,,,,,,,,,,,,,,,,,,,,,,,,,,,,,,,,,,,,,,,,,,,,,,,,,,,,,,,,,,,,,,,,,,,,,,,,,,,,,,,,,,,,,,,,,,,,,,,,,,,,,,,,,,,,,,,,,,,,,,,,,,,,,,,,,,,,,,,,,,,,,,,,,,,,,,,,,,,,,,,,,,,,,,,,,,,,,,,,,,,,,,,,,,,,,,,,,,,,,,,,,,,,,,,,,,,,,,,,,,,,,,,,,,,,,,,,,,,,,,,,,,,,,,,,,,,,,,,,,,,,,,,,,
,,,,,,,,,,,,,,,,,,,,,,,,,,,,,,,,,,,,,,,,,,,,,,,,,,,,,,,,,,,,,,,,,,,,,,,,,,,,,,,,,,,,,,,,,,,,,,,,,,,,,,,,,,,,,,,,,,,,,,,,,,,,,,,,,,,,,,,,,,,,,,,,,,,,,,,,,,,,,,,,,,,,,,,,,,,,,,,,,,,,,,,,,,,,,,,,,,,,,,,,,,,,,,,,,,,,,,,,,,,,,,,,,,,,,,,,,,,,,,,,,,,,,,,,,,,,,,,,,,,,,,,,,,,,,,,,,,,,
,,,,,,,,,,,,,,,,,,,,,,,,,,,,,,,,,,,,,,,,,,,,,,,,,,,,,,,,,,,,,,,,,,,,,,,,,,,,,,,,,,,,,,,,,,,,,,,,,,,,,,,,,,,,,,,,,,,,,,,,,,,,,,,,,,,,,,,,,,,,,,,,,,,,,,,,,,,,,,,,,,,,,,,,,,,,,,,,,,,,,,,,,,,,,,,,,,,,,,,,,,,,,,,,,,,,,,,,,,,,,,,,,,,,,,,,,,,,,,,,,,,,,,,,,,,,,,,,,,,,,,,,,,,,,,,,,,,,
,,,,,,,,,,,,,,,,,,,,,,,,,,,,,,,,,,,,,,,,,,,,,,,,,,,,,,,,,,,,,,,,,,,,,,,,,,,,,,,,,,,,,,,,,,,,,,,,,,,,,,,,,,,,,,,,,,,,,,,,,,,,,,,,,,,,,,,,,,,,,,,,,,,,,,,,,,,,,,,,,,,,,,,,,,,,,,,,,,,,,,,,,,,,,,,,,,,,,,,,,,,,,,,,,,,,,,,,,,,,,,,,,,,,,,,,,,,,,,,,,,,,,,,,,,,,,,,,,,,,,,,,,,,,,,,,,,,,
,,,,,,,,,,,,,,,,,,,,,,,,,,,,,,,,,,,,,,,,,,,,,,,,,,,,,,,,,,,,,,,,,,,,,,,,,,,,,,,,,,,,,,,,,,,,,,,,,,,,,,,,,,,,,,,,,,,,,,,,,,,,,,,,,,,,,,,,,,,,,,,,,,,,,,,,,,,,,,,,,,,,,,,,,,,,,,,,,,,,,,,,,,,,,,,,,,,,,,,,,,,,,,,,,,,,,,,,,,,,,,,,,,,,,,,,,,,,,,,,,,,,,,,,,,,,,,,,,,,,,,,,,,,,,,,,,,,,
,,,,,,,,,,,,,,,,,,,,,,,,,,,,,,,,,,,,,,,,,,,,,,,,,,,,,,,,,,,,,,,,,,,,,,,,,,,,,,,,,,,,,,,,,,,,,,,,,,,,,,,,,,,,,,,,,,,,,,,,,,,,,,,,,,,,,,,,,,,,,,,,,,,,,,,,,,,,,,,,,,,,,,,,,,,,,,,,,,,,,,,,,,,,,,,,,,,,,,,,,,,,,,,,,,,,,,,,,,,,,,,,,,,,,,,,,,,,,,,,,,,,,,,,,,,,,,,,,,,,,,,,,,,,,,,,,,,,
,,,,,,,,,,,,,,,,,,,,,,,,,,,,,,,,,,,,,,,,,,,,,,,,,,,,,,,,,,,,,,,,,,,,,,,,,,,,,,,,,,,,,,,,,,,,,,,,,,,,,,,,,,,,,,,,,,,,,,,,,,,,,,,,,,,,,,,,,,,,,,,,,,,,,,,,,,,,,,,,,,,,,,,,,,,,,,,,,,,,,,,,,,,,,,,,,,,,,,,,,,,,,,,,,,,,,,,,,,,,,,,,,,,,,,,,,,,,,,,,,,,,,,,,,,,,,,,,,,,,,,,,,,,,,,,,,,,,
,,,,,,,,,,,,,,,,,,,,,,,,,,,,,,,,,,,,,,,,,,,,,,,,,,,,,,,,,,,,,,,,,,,,,,,,,,,,,,,,,,,,,,,,,,,,,,,,,,,,,,,,,,,,,,,,,,,,,,,,,,,,,,,,,,,,,,,,,,,,,,,,,,,,,,,,,,,,,,,,,,,,,,,,,,,,,,,,,,,,,,,,,,,,,,,,,,,,,,,,,,,,,,,,,,,,,,,,,,,,,,,,,,,,,,,,,,,,,,,,,,,,,,,,,,,,,,,,,,,,,,,,,,,,,,,,,,,,
,,,,,,,,,,,,,,,,,,,,,,,,,,,,,,,,,,,,,,,,,,,,,,,,,,,,,,,,,,,,,,,,,,,,,,,,,,,,,,,,,,,,,,,,,,,,,,,,,,,,,,,,,,,,,,,,,,,,,,,,,,,,,,,,,,,,,,,,,,,,,,,,,,,,,,,,,,,,,,,,,,,,,,,,,,,,,,,,,,,,,,,,,,,,,,,,,,,,,,,,,,,,,,,,,,,,,,,,,,,,,,,,,,,,,,,,,,,,,,,,,,,,,,,,,,,,,,,,,,,,,,,,,,,,,,,,,,,,
,,,,,,,,,,,,,,,,,,,,,,,,,,,,,,,,,,,,,,,,,,,,,,,,,,,,,,,,,,,,,,,,,,,,,,,,,,,,,,,,,,,,,,,,,,,,,,,,,,,,,,,,,,,,,,,,,,,,,,,,,,,,,,,,,,,,,,,,,,,,,,,,,,,,,,,,,,,,,,,,,,,,,,,,,,,,,,,,,,,,,,,,,,,,,,,,,,,,,,,,,,,,,,,,,,,,,,,,,,,,,,,,,,,,,,,,,,,,,,,,,,,,,,,,,,,,,,,,,,,,,,,,,,,,,,,,,,,,
,,,,,,,,,,,,,,,,,,,,,,,,,,,,,,,,,,,,,,,,,,,,,,,,,,,,,,,,,,,,,,,,,,,,,,,,,,,,,,,,,,,,,,,,,,,,,,,,,,,,,,,,,,,,,,,,,,,,,,,,,,,,,,,,,,,,,,,,,,,,,,,,,,,,,,,,,,,,,,,,,,,,,,,,,,,,,,,,,,,,,,,,,,,,,,,,,,,,,,,,,,,,,,,,,,,,,,,,,,,,,,,,,,,,,,,,,,,,,,,,,,,,,,,,,,,,,,,,,,,,,,,,,,,,,,,,,,,,
,,,,,,,,,,,,,,,,,,,,,,,,,,,,,,,,,,,,,,,,,,,,,,,,,,,,,,,,,,,,,,,,,,,,,,,,,,,,,,,,,,,,,,,,,,,,,,,,,,,,,,,,,,,,,,,,,,,,,,,,,,,,,,,,,,,,,,,,,,,,,,,,,,,,,,,,,,,,,,,,,,,,,,,,,,,,,,,,,,,,,,,,,,,,,,,,,,,,,,,,,,,,,,,,,,,,,,,,,,,,,,,,,,,,,,,,,,,,,,,,,,,,,,,,,,,,,,,,,,,,,,,,,,,,,,,,,,,,
,,,,,,,,,,,,,,,,,,,,,,,,,,,,,,,,,,,,,,,,,,,,,,,,,,,,,,,,,,,,,,,,,,,,,,,,,,,,,,,,,,,,,,,,,,,,,,,,,,,,,,,,,,,,,,,,,,,,,,,,,,,,,,,,,,,,,,,,,,,,,,,,,,,,,,,,,,,,,,,,,,,,,,,,,,,,,,,,,,,,,,,,,,,,,,,,,,,,,,,,,,,,,,,,,,,,,,,,,,,,,,,,,,,,,,,,,,,,,,,,,,,,,,,,,,,,,,,,,,,,,,,,,,,,,,,,,,,,
,,,,,,,,,,,,,,,,,,,,,,,,,,,,,,,,,,,,,,,,,,,,,,,,,,,,,,,,,,,,,,,,,,,,,,,,,,,,,,,,,,,,,,,,,,,,,,,,,,,,,,,,,,,,,,,,,,,,,,,,,,,,,,,,,,,,,,,,,,,,,,,,,,,,,,,,,,,,,,,,,,,,,,,,,,,,,,,,,,,,,,,,,,,,,,,,,,,,,,,,,,,,,,,,,,,,,,,,,,,,,,,,,,,,,,,,,,,,,,,,,,,,,,,,,,,,,,,,,,,,,,,,,,,,,,,,,,,,
,,,,,,,,,,,,,,,,,,,,,,,,,,,,,,,,,,,,,,,,,,,,,,,,,,,,,,,,,,,,,,,,,,,,,,,,,,,,,,,,,,,,,,,,,,,,,,,,,,,,,,,,,,,,,,,,,,,,,,,,,,,,,,,,,,,,,,,,,,,,,,,,,,,,,,,,,,,,,,,,,,,,,,,,,,,,,,,,,,,,,,,,,,,,,,,,,,,,,,,,,,,,,,,,,,,,,,,,,,,,,,,,,,,,,,,,,,,,,,,,,,,,,,,,,,,,,,,,,,,,,,,,,,,,,,,,,,,,
,,,,,,,,,,,,,,,,,,,,,,,,,,,,,,,,,,,,,,,,,,,,,,,,,,,,,,,,,,,,,,,,,,,,,,,,,,,,,,,,,,,,,,,,,,,,,,,,,,,,,,,,,,,,,,,,,,,,,,,,,,,,,,,,,,,,,,,,,,,,,,,,,,,,,,,,,,,,,,,,,,,,,,,,,,,,,,,,,,,,,,,,,,,,,,,,,,,,,,,,,,,,,,,,,,,,,,,,,,,,,,,,,,,,,,,,,,,,,,,,,,,,,,,,,,,,,,,,,,,,,,,,,,,,,,,,,,,,
